,text,binary,multiclass,source,clean_text,language
0,"#ForbiddenDoor thoughts so far today:

The pop for Suzukis Kazi Ni Nare entrance,him and Eddie squaring off,&amp; just the chaos of that match in general was sick.

And then the triple threat tag was amazing as well. FTR finally being so over is beautiful and I really hope Dax is ok.",Hope,Generalized Hope,train,#forbiddendoor thoughts so far today the pop for suzukis kazi ni nare entrancehim and eddie squaring offamp just the chaos of that match in general was sick and then the triple threat tag was amazing as well ftr finally being so over is beautiful and i really hope dax is ok,english
1,#USER# Iâ€™m currently matching/exceeding expectations and in line with the club vision so iâ€™m hoping Iâ€™ll be okay. Always a risk though,Hope,Generalized Hope,train, im currently matchingexceeding expectations and in line with the club vision so im hoping ill be okay always a risk though,english
2,"#USER# Spokane is losing a good one! Appreciate all of your hard work, youâ€™ve earned this and I hope you enjoy the new position!",Hope,Generalized Hope,train, spokane is losing a good one! appreciate all of your hard work youve earned this and i hope you enjoy the new position!,english
3,"#USER# Nun ja, die Hoffnung besteht. Bei den meisten.",Hope,Generalized Hope,train, nun ja die hoffnung besteht bei den meisten,german
4,"#USER# Gute Nacht, J. und schÃ¶ne TrÃ¤ume! âœ¨ğŸ’šâœ¨",Hope,Generalized Hope,train, gute nacht j und schÃ¶ne trÃ¤ume! sparklesgreenheartsparkles,german
5,"Wow, Futures tatsÃ¤chlich ins Close positiv.
Mal sehen was gleich $TSLA bringt. #URL#",Hope,Generalized Hope,train,wow futures tatsÃ¤chlich ins close positiv mal sehen was gleich tsla bringt ,german
6,me ven normal pero todos los dÃ­as pienso en los futuros turnos de bomberos que voy a hacer y rezo para no cagarme toda,Hope,Generalized Hope,train,me ven normal pero todos los dias pienso en los futuros turnos de bomberos que voy a hacer y rezo para no cagarme toda,spanish
7,"#USER# Viendo a varios de los que tengo alrededor creo que ese episodio dio demasiadas ideas, pero son felices.",Hope,Generalized Hope,train, viendo a varios de los que tengo alrededor creo que ese episodio dio demasiadas ideas pero son felices,spanish
8,"Disfruten mucho el tiempo de calidad que les brindan sus novios, es lo que mÃ¡s anhelo con el mÃ­o, sÃ© que todo esfuerzo que hacemos tendrÃ¡ su recompensa ğŸ¤ğŸ»â¤ï¸â€ğŸ©¹",Hope,Generalized Hope,train,disfruten mucho el tiempo de calidad que les brindan sus novios es lo que mas anhelo con el mio se que todo esfuerzo que hacemos tendra su recompensa crossedfingerslightskintonemendingheart,spanish
9,Ø¬ÛŒØ³Û’ Ø¹Ù„Ù…Ø§Ø¡ Ø³ÙˆØ¯ÛŒ Ù†Ø¸Ø§Ù… Ú©ÛŒØ®Ù„Ø§Ù Ø§Ú©Ú¾Ù¹Û’ ÛÙˆØ¦Û’ ÛÛŒÚº Ú©Ø§Ø´ Ú©Û Ø³ÙˆØ¯ Ú©ÛŒ Ø­Ø±Ù…Øª Ú©Û’ Ø¨Ø§Ø±Û’ Ù…Ø·Ù„Ø¹ Ú©Ø±Ù†Û’ ÙˆØ§Ù„Û’ ØµØ­Ø§Ø¨Û Ú©Ø±Ø§Ù… Ú©Û’ Ø¯ÙØ§Ø¹ Ú©ÛŒÙ„Ø¦Û’ Ø¨Ú¾ÛŒ Ø§Ú©Ú¾Ù¹Û’ ÛÙˆØ¬Ø§Ø¦Û’ ğŸ’”ğŸ’”,Hope,Generalized Hope,train,Ø¬ÛŒØ³Û’ Ø¹Ù„Ù…Ø§Ø¡ Ø³ÙˆØ¯ÛŒ Ù†Ø¸Ø§Ù… Ú©ÛŒØ®Ù„Ø§Ù Ø§Ú©Ú¾Ù¹Û’ ÛÙˆÛ’ ÛÛŒÚº Ú©Ø§Ø´ Ú©Û Ø³ÙˆØ¯ Ú©ÛŒ Ø­Ø±Ù…Øª Ú©Û’ Ø¨Ø§Ø±Û’ Ù…Ø·Ù„Ø¹ Ú©Ø±Ù†Û’ ÙˆØ§Ù„Û’ ØµØ­Ø§Ø¨Û Ú©Ø±Ø§Ù… Ú©Û’ Ø¯ÙØ§Ø¹ Ú©ÛŒÙ„Û’ Ø¨Ú¾ÛŒ Ø§Ú©Ú¾Ù¹Û’ ÛÙˆØ¬Ø§Û’ brokenheart,urdu
10,#USER# #USER# #USER# #USER# #USER# #USER# #USER# #USER# #USER# #USER# #USER# Ø§Ù„ÙØ§Ø¸ Ù†ÛÛŒÚº ÛÛŒÚº Ø§Ø³ Ø¯Ø±Ø¯ Ú©Ùˆ Ù„Ú©Ú¾Ù†Û’ Ú©Û’ Ù„ÛŒÛ’ ğŸ˜­ğŸ˜­ğŸ˜”ğŸ˜” Ø¢Ù¾ ØªÙˆ Ù…Ø§Úº Ø¨Ø§Ù¾ ÛÛŒÚº ÛÙ… Ø§Ù† Ù…Ø¹ØµÙˆÙ… Ø¨Ú†ÙˆÚº Ú©Ø§ Ø¯Ú©Ú¾ Ø¢Ø¬ ØªÚ© Ù†ÛÛŒÚº Ø¨Ú¾ÙˆÙ„ Ø³Ú©Û’ Ø§Ù„Ù„Ù‘Ù°Û Ù¾Ø§Ú© Ø¢Ù¾ Ú©Ùˆ ØµØ¨Ø± Ø¹Ø·Ø§ Ú©Ø±Û’ Ø§ÙˆØ± Ø³Ø¨ Ø¨Ú†ÙˆÚº Ú©Ùˆ Ø¬Ù†Øª Ù…ÛŒÚº Ø§Ø¹Ù„Ù°ÛŒ Ù…Ù‚Ø§Ù… Ø¹Ø·Ø§ ÙØ±Ù…Ø§Ø¦Û’ Ø¢Ù…ÛŒÙ† ğŸ¤²ğŸ¤²ğŸ¤²,Hope,Generalized Hope,train, Ø§Ù„ÙØ§Ø¸ Ù†ÛÛŒÚº ÛÛŒÚº Ø§Ø³ Ø¯Ø±Ø¯ Ú©Ùˆ Ù„Ú©Ú¾Ù†Û’ Ú©Û’ Ù„ÛŒÛ’ loudlycryingfacepensiveface Ù¾ ØªÙˆ Ù…Ø§Úº Ø¨Ø§Ù¾ ÛÛŒÚº ÛÙ… Ø§Ù† Ù…Ø¹ØµÙˆÙ… Ø¨Ú†ÙˆÚº Ú©Ø§ Ø¯Ú©Ú¾ Ø¬ ØªÚ© Ù†ÛÛŒÚº Ø¨Ú¾ÙˆÙ„ Ø³Ú©Û’ Ø§Ù„Ù„Û Ù¾Ø§Ú© Ù¾ Ú©Ùˆ ØµØ¨Ø± Ø¹Ø·Ø§ Ú©Ø±Û’ Ø§ÙˆØ± Ø³Ø¨ Ø¨Ú†ÙˆÚº Ú©Ùˆ Ø¬Ù†Øª Ù…ÛŒÚº Ø§Ø¹Ù„ÛŒ Ù…Ù‚Ø§Ù… Ø¹Ø·Ø§ ÙØ±Ù…Ø§Û’ Ù…ÛŒÙ† palmsuptogether,urdu
11,RT #USER# Ù…Ø¬Ú¾Û’ Ø¨ÛŒÙ¹Ú¾Ù†Û’ Ú©ÛŒ Ø¬Ú¯Û Ù…Ù„Û’ØŒ Ù…ÛŒØ±ÛŒ Ø¢Ø±Ø²Ùˆ Ú©Ø§ Ø¨Ú¾Ø±Ù… Ø±ÛÛ’ØªÛŒØ±ÛŒ Ø§Ù†Ø¬Ù…Ù† Ù…ÛŒÚº Ø§Ú¯Ø± Ù†ÛÛŒÚºØŒ ØªÛŒØ±ÛŒ Ø§Ù†Ø¬Ù…Ù† Ø³Û’ Ù‚Ø±ÛŒÚº Ø³ÛÛŒÙ¾ÛŒØ± Ø³ÛŒØ¯ Ù†ØµÛŒØ±Ø§Ù„Ø¯ÛŒÙ† Ù†ØµÙ‘ÛŒØ± Ø±Ø­,Hope,Generalized Hope,train, Ù…Ø¬Ú¾Û’ Ø¨ÛŒÙ¹Ú¾Ù†Û’ Ú©ÛŒ Ø¬Ú¯Û Ù…Ù„Û’ Ù…ÛŒØ±ÛŒ Ø±Ø²Ùˆ Ú©Ø§ Ø¨Ú¾Ø±Ù… Ø±ÛÛ’ØªÛŒØ±ÛŒ Ø§Ù†Ø¬Ù…Ù† Ù…ÛŒÚº Ø§Ú¯Ø± Ù†ÛÛŒÚº ØªÛŒØ±ÛŒ Ø§Ù†Ø¬Ù…Ù† Ø³Û’ Ù‚Ø±ÛŒÚº Ø³ÛÛŒÙ¾ÛŒØ± Ø³ÛŒØ¯ Ù†ØµÛŒØ±Ø§Ù„Ø¯ÛŒÙ† Ù†ØµÛŒØ± Ø±Ø­,urdu
12,LMAOOOO I pray no one has to go through thisğŸ˜‚ fck them other kids tho #URL#,Not Hope,Not Hope,train,lmaoooo i pray no one has to go through thisfacewithtearsofjoy fck them other kids tho ,english
13,"Could he be the warg he was and maintain his place within the Demon Lordâ€™s army? Or was a chance meeting with a strange woman who desired to become a caladrius for a Druid king meant to ruin him?

ğŸ“£ #USER# #URL# #URL#",Not Hope,Not Hope,train,could he be the warg he was and maintain his place within the demon lords army? or was a chance meeting with a strange woman who desired to become a caladrius for a druid king meant to ruin him? megaphone ,english
14,"Chongyun, you have to believe me... It wasn't me who laid traps inside the houseâ€” What? It's not haunted? Well... I, uh, couldn't have known that could I?",Not Hope,Not Hope,train,chongyun you have to believe me it wasnt me who laid traps inside the house what? its not haunted? well i uh couldnt have known that could i?,english
15,"#USER# #USER# Viele der AufklÃ¤rer und ihrer Nachfahren im 19. Jahrhundert waren tatsÃ¤chlich Kinder ihrer Zeit. Das heiÃŸt nicht, dass sie in ihrem Wunsch verblendet waren. Ob die Zeit nach 1871 bis heute so eine grÃ¶ÃŸere Erfolgsgeschichte war, als die Periode des HRR, darf angezweifelt werden.",Not Hope,Not Hope,train, viele der aufklÃ¤rer und ihrer nachfahren im 19 jahrhundewaren tatsÃ¤chlich kinder ihrer zeit das heiÃŸt nicht dass sie in ihrem wunsch verblendet waren ob die zeit nach 1871 bis heute so eine grÃ¶ÃŸere erfolgsgeschichte war als die periode des hrr darf angezweifelt werden,german
16,"RT #USER# Wunsch und Wirklichkeit bleiben in meinem leben auch eher zwei Dinge, die kaum vereinbar sind.",Not Hope,Not Hope,train, wunsch und wirklichkeit bleiben in meinem leben auch eher zwei dinge die kaum vereinbar sind,german
17,"#USER# #USER# Hat da einer noch Hoffnung auf ""vom tellerwÃ¤scher zum milliardÃ¤r"" ? 
Oder bist du es, elon? 

ğŸ˜‚",Not Hope,Not Hope,train, hat da einer noch hoffnung auf vom tellerwÃ¤scher zum milliardÃ¤r ? oder bist du es elon? facewithtearsofjoy,german
18,#USER# #USER# #USER# Sabes que eso fue en 2012 no? Ese aÃ±o el BalÃ³n de Oro se lo regalan a Cristiano,Not Hope,Not Hope,train, sabes que eso fue en 2012 no? ese aÃ±o el balon de oro se lo regalan a cristiano,spanish
19,Hoy es de esos dÃ­as en los que anhelo y necesito comer fruta,Not Hope,Not Hope,train,hoy es de esos dias en los que anhelo y necesito comer fruta,spanish
20,#USER# La de la clase de falo? jajaja y si creo que no soporto ğŸ’…ğŸ»,Not Hope,Not Hope,train, la de la clase de falo? jajaja y si creo que no soporto nailpolishlightskintone,spanish
21,Ø­Ú©Ù… Ú©Ø³ Ú©Ø§ Ø¨Ú¾ÛŒ ØªÚ¾Ø§ Ø³Ø§ØªÚ¾ Ú©ÙˆÙ† Ú©Ú¾Ú‘Ø§ Ø±ÛØ§ Ø§Ø³ ÙˆÙ‚Øª ÛŒÛ Ø¨Ø§Øª Ø²ÛŒØ§Ø¯Û Ù…Ø¹Ù†ÛŒ Ø±Ú©Ú¾ØªÛŒØ§Ø³Ø¯ Ø¹Ù…Ø± Ù†Û’ ÙˆÛÛŒ Ú©ÛŒØ§ Ø¬Ùˆ Ù¾ÛŒ Ù¹ÛŒ Ø§Ø¦ Ú©Ø§ Ù…Ù†Ø´ÙˆØ± ØªÚ¾Ø§ Ø±ÙˆØ² Ø§ÙˆÙ„ Ø³Û’ Ø¨Ø¹Ø¯ Ù…ÛŒÚº Ø¨Ú¾ÛŒ ÙˆÛÛŒ Ú©ÛŒØ§ Ø¬Ø¨ Ø¯ÙˆØ¨Ø§Ø±Û Ù…Ù†Ø³Ù¹Ø±ÛŒ Ù…Ù„ÛŒ Ù†Û ÙˆÛ Ú©Ø³ÛŒ Ú©Û’ Ø¢Ú¯Û’ Ø¬Ú¾Ú©Û’ Ù†Û Ø±Ú©Û’Ø§Ù„Ù„Ù‘Ù°Û Ø¬Ø³ Ø³Û’ Ø¬Ùˆ Ú©Ø§Ù… Ù„ÛŒÙ†Ø§ Ú†Ø§ÛÛ’@Asad_Umar Stay strong U will always be my favorite ğŸ˜Š,Not Hope,Not Hope,train,Ø­Ú©Ù… Ú©Ø³ Ú©Ø§ Ø¨Ú¾ÛŒ ØªÚ¾Ø§ Ø³Ø§ØªÚ¾ Ú©ÙˆÙ† Ú©Ú¾Ú‘Ø§ Ø±ÛØ§ Ø§Ø³ ÙˆÙ‚Øª ÛŒÛ Ø¨Ø§Øª Ø²ÛŒØ§Ø¯Û Ù…Ø¹Ù†ÛŒ Ø±Ú©Ú¾ØªÛŒØ§Ø³Ø¯ Ø¹Ù…Ø± Ù†Û’ ÙˆÛÛŒ Ú©ÛŒØ§ Ø¬Ùˆ Ù¾ÛŒ Ù¹ÛŒ Ø§ Ú©Ø§ Ù…Ù†Ø´ÙˆØ± ØªÚ¾Ø§ Ø±ÙˆØ² Ø§ÙˆÙ„ Ø³Û’ Ø¨Ø¹Ø¯ Ù…ÛŒÚº Ø¨Ú¾ÛŒ ÙˆÛÛŒ Ú©ÛŒØ§ Ø¬Ø¨ Ø¯ÙˆØ¨Ø§Ø±Û Ù…Ù†Ø³Ù¹Ø±ÛŒ Ù…Ù„ÛŒ Ù†Û ÙˆÛ Ú©Ø³ÛŒ Ú©Û’ Ú¯Û’ Ø¬Ú¾Ú©Û’ Ù†Û Ø±Ú©Û’Ø§Ù„Ù„Û Ø¬Ø³ Ø³Û’ Ø¬Ùˆ Ú©Ø§Ù… Ù„ÛŒÙ†Ø§ Ú†Ø§ÛÛ’asadumar stay strong u will always be my favorite smilingfacewithsmilingeyes,urdu
22,Ø§ÛŒÚ© Ù‚ØµØ¨Û’ Ù…ÛŒÚº Ø±ÛÙ†Û’ ÙˆØ§Ù„Û’ Ø¹Ø¬ÛŒØ¨ Ù„ÙˆÚ¯ Ø§Ù† Ú©ÛŒ Ø²Ù†Ø¯Ú¯ÛŒ Ú©Û’ Ø¨Ø§Ø±Û’ Ù…ÛŒÚº Ø¬Ø§Ù†Ø§. licker Ú©ÛŒ ÛÛ’ Ø³Ø¨ Ú©Ú†Ú¾ licks ÛÛ’ Ø¬Ùˆ Ø§ÛŒÚ© Ø¢Ø¯Ù…ÛŒØŒ Ø§ÛŒÚ© Ø¬Ø³Ù… ÛÛ’ Ú©Û ÙˆÛ Ø§Ø³ Ú©Û’ Ø³Ø§ØªÚ¾ Ø±ÛÙ†Û’ Ú©Û’ Ù„Ø¦Û’ Ú¯Ú¾Ø± Ù„ÛŒØªØ§ ÛÛ’ Ø¬Ùˆ Ù¾ØªÛ Ú†Ù„Ø§ ÛÛ’ Ú©Û Ø§ÛŒÚ© dumpster ØºÙˆØ·ÛØŒ Ø§ÛŒÚ© Ú¯Ú‘ÛŒØ§ Ú©Û’ Ø³Ø§ØªÚ¾ Ø§ÛŒÚ© Ù¾Ø§Ú¯Ù„ Ù„Ú‘Ú©ÛŒ Ú©Ùˆ Ø§Ø³ Ø·Ø±Ø­ Ú©Ù¾Ú‘Û’ Ù¾ÛÙ†Û’ØŒ Ø§Ù¾Ù†ÛŒ Ø¨Ø±ÛŒ Ø±Ø§ÛÙˆÚº Ú©ÛŒ ØµÙØ§Ø¦ÛŒ Ù¾ÛŒØ´ Ù„Ú‘Ú©ÛŒÙˆÚº Ú©Û’ Ù„Ø¦Û’ Ú†Ø§ÛØªØ§ ÛÛ’ Ø¬Ùˆ Ø§ÛŒÚ© Ù„Ú‘Ú©Û’ ... Ø¢Ù Ø¨ÛŒÙ¹ Ø§Ù†ØªÛØ§Ø¦ÛŒ Ù…ÛŒÚºØŒ Ø³ÛŒØ§Û Ø§ÙˆØ± Ø³ÙÛŒØ¯ ÙÙ„Ù… Ù…ÛŒÚº Ø§Ø³ Ø´Ø§Ù¹ Ø±Ù†Ú¯ Ø³Û’ Ø¨Ø§ÛØ± Ú©Û’ Ø³Ø§ØªÚ¾ Ø¨ÛØªØ± ÛÛ’. Ù…ÙˆÙ†ÙˆÚ©Ø±ÙˆÙ… Ú¯Ú¾Ø± ÙÙ„Ù… Ø§Ø­Ø³Ø§Ø³ Ø³Û’ Ø§Ù¹Ú¾ Ø¯Ùˆ Ù‚Ø¯Ù… Ø¯ÙˆØ± Ú©Ù†Ø§Ø±Û’ Ù„Ú¯ØªÛ’ ÛÛŒÚº. Ø§ÛŒÚ© Troma ÙÙ„Ù… Ú©ÛŒ Ø·Ø±Ø­ØŒ Ø§Ø³ ÙÙ„Ù… Ú©Û’ ÙÙ¹ Ø¨ÛŒÙ¹Ú¾ØªØ§ ÛÛ’ Ø§ÙˆØ± Ø´Ø±ÙˆØ¹ Ù…ÛŒÚº Ù…Ø²Û Ù„ÛŒÚ©Ù† weirds Ø®Ø§Ø·Ø± Ø²ÛŒØ§Ø¯Û ØªØ± Ø§Ø³ Ú©Û’ Ø¹Ø¬ÛŒØ¨ ÛÛ’ Ø§ÙˆØ± Ø¬Ù„Ø¯ ÛÛŒ Ø§ÛŒÚ© Ø§Ø¬Ù„Ø§Ø³ ÛÙˆÙ†Û’ Ú©Û’ ØªÙ†Ø§Ø¸Ø± Ø¨ÙˆØ± Ø³Û’ Ø§ÛŒÚ© Ú©Û’ Ø¨Ø¹Ø¯ Ø³Û’ Ø¢Ù¾ Ø³ÛŒÙ¹ Ø§Ù¾ Ø¢Ù¾ Ø§Ù†Ø¯Ø§Ø²Û Ø§Ø³ Ú©ÛŒ Ø§ÛŒÚ© Ø¨ÛØª always- ÙˆÙ‚Øª Ù†ÛÛŒÚº Ø¬Ø§ Ø±ÛØ§ ÛÛ’ Ø¬ÛØ§Úº Ú©ÛŒ Ù‚Ø³Ù… Ø³Ú©ØªÛ’ Ø¯ÛŒÚ©Ú¾Ù†Û’ Ø¨Ù† Ø¬Ø§ØªØ§ ÛÛ’ Ù„ÛŒÚ©Ù† Ø§Ø³ Ú©Û’ Ù„Ø¦Û’ Ú©Ø§ÙÛŒ Ù…Ø²Û Ù†ÛÛŒÚº ÛÙˆ. (Ø­Ø§Ù„Ø§Ù†Ú©Û Ù…ÛŒÚº ØµÙØ§Ø¦ÛŒ Ø¢ØªÛ’ ÛÙˆØ¦Û’ Ù†ÛÛŒÚº Ø¯ÛŒÚ©Ú¾Ø§). ÙˆØ±ØªÚ¾ ÙˆØ±Ù†Û Ø¢Ù¾ Ù†Û’ Ú©Ú†Ú¾ Ø¨Ú¾ÛŒ Ù†ÛÛŒÚº Ø¯ÛŒÚ©Ú¾Ù†Û’ Ú©Û’ Ù„Ø¦Û’ Ø§Ú¯Ø± Ø§ÛŒÚ© Ø´Ø§Ù¹ Ø§ÙˆØ± Ø§Ù¾Ù†ÛŒ Ú¯ÙˆÙ„ÚˆÙ† Ù„Ú‘Ú©ÛŒÙˆÚº Ú©ÛŒ Ø§Ú¯Ù„ÛŒ Ø³ÛŒÙ¹ Netflix Ø³Û’ Ø¢Ù†Û’ Ú©Û’ Ù„Ø¦Û’ Ø§Ù†ØªØ¸Ø§Ø± Ú©Ø± Ø±ÛÛ’ ÛÛŒÚº.,Not Hope,Not Hope,train,Ø§ÛŒÚ© Ù‚ØµØ¨Û’ Ù…ÛŒÚº Ø±ÛÙ†Û’ ÙˆØ§Ù„Û’ Ø¹Ø¬ÛŒØ¨ Ù„ÙˆÚ¯ Ø§Ù† Ú©ÛŒ Ø²Ù†Ø¯Ú¯ÛŒ Ú©Û’ Ø¨Ø§Ø±Û’ Ù…ÛŒÚº Ø¬Ø§Ù†Ø§ licker Ú©ÛŒ ÛÛ’ Ø³Ø¨ Ú©Ú†Ú¾ licks ÛÛ’ Ø¬Ùˆ Ø§ÛŒÚ© Ø¯Ù…ÛŒ Ø§ÛŒÚ© Ø¬Ø³Ù… ÛÛ’ Ú©Û ÙˆÛ Ø§Ø³ Ú©Û’ Ø³Ø§ØªÚ¾ Ø±ÛÙ†Û’ Ú©Û’ Ù„Û’ Ú¯Ú¾Ø± Ù„ÛŒØªØ§ ÛÛ’ Ø¬Ùˆ Ù¾ØªÛ Ú†Ù„Ø§ ÛÛ’ Ú©Û Ø§ÛŒÚ© dumpster ØºÙˆØ·Û Ø§ÛŒÚ© Ú¯Ú‘ÛŒØ§ Ú©Û’ Ø³Ø§ØªÚ¾ Ø§ÛŒÚ© Ù¾Ø§Ú¯Ù„ Ù„Ú‘Ú©ÛŒ Ú©Ùˆ Ø§Ø³ Ø·Ø±Ø­ Ú©Ù¾Ú‘Û’ Ù¾ÛÙ†Û’ Ø§Ù¾Ù†ÛŒ Ø¨Ø±ÛŒ Ø±Ø§ÛÙˆÚº Ú©ÛŒ ØµÙØ§ÛŒ Ù¾ÛŒØ´ Ù„Ú‘Ú©ÛŒÙˆÚº Ú©Û’ Ù„Û’ Ú†Ø§ÛØªØ§ ÛÛ’ Ø¬Ùˆ Ø§ÛŒÚ© Ù„Ú‘Ú©Û’  Ù Ø¨ÛŒÙ¹ Ø§Ù†ØªÛØ§ÛŒ Ù…ÛŒÚº Ø³ÛŒØ§Û Ø§ÙˆØ± Ø³ÙÛŒØ¯ ÙÙ„Ù… Ù…ÛŒÚº Ø§Ø³ Ø´Ø§Ù¹ Ø±Ù†Ú¯ Ø³Û’ Ø¨Ø§ÛØ± Ú©Û’ Ø³Ø§ØªÚ¾ Ø¨ÛØªØ± ÛÛ’ Ù…ÙˆÙ†ÙˆÚ©Ø±ÙˆÙ… Ú¯Ú¾Ø± ÙÙ„Ù… Ø§Ø­Ø³Ø§Ø³ Ø³Û’ Ø§Ù¹Ú¾ Ø¯Ùˆ Ù‚Ø¯Ù… Ø¯ÙˆØ± Ú©Ù†Ø§Ø±Û’ Ù„Ú¯ØªÛ’ ÛÛŒÚº Ø§ÛŒÚ© troma ÙÙ„Ù… Ú©ÛŒ Ø·Ø±Ø­ Ø§Ø³ ÙÙ„Ù… Ú©Û’ ÙÙ¹ Ø¨ÛŒÙ¹Ú¾ØªØ§ ÛÛ’ Ø§ÙˆØ± Ø´Ø±ÙˆØ¹ Ù…ÛŒÚº Ù…Ø²Û Ù„ÛŒÚ©Ù† weirds Ø®Ø§Ø·Ø± Ø²ÛŒØ§Ø¯Û ØªØ± Ø§Ø³ Ú©Û’ Ø¹Ø¬ÛŒØ¨ ÛÛ’ Ø§ÙˆØ± Ø¬Ù„Ø¯ ÛÛŒ Ø§ÛŒÚ© Ø§Ø¬Ù„Ø§Ø³ ÛÙˆÙ†Û’ Ú©Û’ ØªÙ†Ø§Ø¸Ø± Ø¨ÙˆØ± Ø³Û’ Ø§ÛŒÚ© Ú©Û’ Ø¨Ø¹Ø¯ Ø³Û’ Ù¾ Ø³ÛŒÙ¹ Ø§Ù¾ Ù¾ Ø§Ù†Ø¯Ø§Ø²Û Ø§Ø³ Ú©ÛŒ Ø§ÛŒÚ© Ø¨ÛØª always ÙˆÙ‚Øª Ù†ÛÛŒÚº Ø¬Ø§ Ø±ÛØ§ ÛÛ’ Ø¬ÛØ§Úº Ú©ÛŒ Ù‚Ø³Ù… Ø³Ú©ØªÛ’ Ø¯ÛŒÚ©Ú¾Ù†Û’ Ø¨Ù† Ø¬Ø§ØªØ§ ÛÛ’ Ù„ÛŒÚ©Ù† Ø§Ø³ Ú©Û’ Ù„Û’ Ú©Ø§ÙÛŒ Ù…Ø²Û Ù†ÛÛŒÚº ÛÙˆ Ø­Ø§Ù„Ø§Ù†Ú©Û Ù…ÛŒÚº ØµÙØ§ÛŒ ØªÛ’ ÛÙˆÛ’ Ù†ÛÛŒÚº Ø¯ÛŒÚ©Ú¾Ø§ ÙˆØ±ØªÚ¾ ÙˆØ±Ù†Û Ù¾ Ù†Û’ Ú©Ú†Ú¾ Ø¨Ú¾ÛŒ Ù†ÛÛŒÚº Ø¯ÛŒÚ©Ú¾Ù†Û’ Ú©Û’ Ù„Û’ Ø§Ú¯Ø± Ø§ÛŒÚ© Ø´Ø§Ù¹ Ø§ÙˆØ± Ø§Ù¾Ù†ÛŒ Ú¯ÙˆÙ„ÚˆÙ† Ù„Ú‘Ú©ÛŒÙˆÚº Ú©ÛŒ Ø§Ú¯Ù„ÛŒ Ø³ÛŒÙ¹ netflix Ø³Û’ Ù†Û’ Ú©Û’ Ù„Û’ Ø§Ù†ØªØ¸Ø§Ø± Ú©Ø± Ø±ÛÛ’ ÛÛŒÚº,urdu
23,#USER# Ø¬ÛØ§Úº Ø§Ù„Ù„Û Ù†Û’ ÙˆØ§Ø­Ø¯ Ú©Ø§ ØµÛŒØºÛ Ø§Ø³ØªØ¹Ù…Ø§Ù„ Ú©ÛŒØ§  ÙˆÛ Ø§Ù¾Ù†ÛŒ Ø²Ø§Øª Ú©Û’ Ù„Ø¦Û’Ø¬ÛŒØ³Û’ Ù…Ø¬Ú¾ Ø³Û’ ÚˆØ±Ùˆ ØŒÙ…ÛŒÚº Ø§Ù†Ø¹Ø§Ù… Ø¯ÙˆÚº Ú¯Ø§ ØŒ Ø±Ø²Ù‚ Ù…ÛŒÚº Ø¯ÛŒØªØ§ ÛÙˆÚº ÙˆØºÛŒØ±Û ÙˆØºÛŒØ±ÛØ¬ÛØ§Úº Ø¬Ù…Ø¹ Ú©Ø§ ØµÛŒØºÛ ÛÙˆÚ¯Ø§ ÙˆÛØ§ÚºØ§Ù„Ù„Û Ø§Ù¾Ù†Û’ Ù‚ÙˆØ§Ù†ÛŒÙ† Ú©Ùˆ Ø´Ø§Ù…Ù„ Ú©Ø±ØªØ§ ÛÛ’Ø¬ÛŒØ³Û’ Ù†Ú©Ø§Ø­ Ú©ÛŒ Ø¨Ø§Øª ÛÙˆØ¦ÛŒ Ù†Ú©Ø§Ø­ Ø¬Ùˆ ÛÛ’ Ù‚Ø§Ù†ÙˆÙ† ÛÛ’Û”Û”Ø§Ø³ÛŒ Ø·Ø±Ø­ Ø§Ù„Ù„Û ÙØ±Ù…Ø§ØªØ§ ÛÛ’Ø¬ÛŒØ³Û’ ÛÙ… ÛØ¯Ø§ÛŒØª Ø¯ÛŒÚº Û”Û”ÛÙ… Û”Û”Û”Û”Û”,Not Hope,Not Hope,train, Ø¬ÛØ§Úº Ø§Ù„Ù„Û Ù†Û’ ÙˆØ§Ø­Ø¯ Ú©Ø§ ØµÛŒØºÛ Ø§Ø³ØªØ¹Ù…Ø§Ù„ Ú©ÛŒØ§ ÙˆÛ Ø§Ù¾Ù†ÛŒ Ø²Ø§Øª Ú©Û’ Ù„Û’Ø¬ÛŒØ³Û’ Ù…Ø¬Ú¾ Ø³Û’ ÚˆØ±Ùˆ Ù…ÛŒÚº Ø§Ù†Ø¹Ø§Ù… Ø¯ÙˆÚº Ú¯Ø§  Ø±Ø²Ù‚ Ù…ÛŒÚº Ø¯ÛŒØªØ§ ÛÙˆÚº ÙˆØºÛŒØ±Û ÙˆØºÛŒØ±ÛØ¬ÛØ§Úº Ø¬Ù…Ø¹ Ú©Ø§ ØµÛŒØºÛ ÛÙˆÚ¯Ø§ ÙˆÛØ§ÚºØ§Ù„Ù„Û Ø§Ù¾Ù†Û’ Ù‚ÙˆØ§Ù†ÛŒÙ† Ú©Ùˆ Ø´Ø§Ù…Ù„ Ú©Ø±ØªØ§ ÛÛ’Ø¬ÛŒØ³Û’ Ù†Ú©Ø§Ø­ Ú©ÛŒ Ø¨Ø§Øª ÛÙˆÛŒ Ù†Ú©Ø§Ø­ Ø¬Ùˆ ÛÛ’ Ù‚Ø§Ù†ÙˆÙ† ÛÛ’Ø§Ø³ÛŒ Ø·Ø±Ø­ Ø§Ù„Ù„Û ÙØ±Ù…Ø§ØªØ§ ÛÛ’Ø¬ÛŒØ³Û’ ÛÙ… ÛØ¯Ø§ÛŒØª Ø¯ÛŒÚº ÛÙ… ,urdu
24,20 years ago people used to aspire to own their own home.These days they just want the foodbank to be stocked and find a NHS dentist,Hope,Realistic Hope,train,20 years ago people used to aspire to own their own homethese days they just want the foodbank to be stocked and find a nhs dentist,english
25,I hope I can find a person who shares the same music type with me ğŸ¤¡ğŸ¤¡,Hope,Realistic Hope,train,i hope i can find a person who shares the same music type with me clownface,english
26,#USER# #USER# Blue dot in red TX but Iâ€™m hopeful for a blue November #BetoForTexas,Hope,Realistic Hope,train, blue dot in red tx but im hopeful for a blue november #betofortexas,english
27,"Mmmh FluglÃ¤rm - welch lieblicher Klang. 
Ist mir 2 Orte weiter nie wirklich so stark aufgefallen ğŸ¥¸ğŸ¥¸
Aber vielleicht trÃ¤ume ich dann von Urlaub? #URL#",Hope,Realistic Hope,train,mmmh fluglÃ¤rm  welch lieblicher klang ist mir 2 orte weiter nie wirklich so stark aufgefallen disguisedface aber vielleicht trÃ¤ume ich dann von urlaub? ,german
28,"#USER# Hier, in der ğŸ‡¨ğŸ‡­realisieren wir unsere berufliche TrÃ¤ume. Die angenehme â€Nebenwirkungâ€œ davon ist, man kann dabei etwas gutes auf die Beine stellen, das Allen-den Schweizern u. den AuslÃ¤ndern dient. Ich bin froh hier leben zu dÃ¼rfen.",Hope,Realistic Hope,train, hier in der witzerlandrealisieren wir unsere berufliche trÃ¤ume die angenehme nebenwirkung davon ist man kann dabei etwas gutes auf die beine stellen das allenden schweizern u den auslÃ¤ndern dient ich bin froh hier leben zu dÃ¼rfen,german
29,"#USER# #USER# Wir werden eine grÃ¼ne BÃ¼rgermeisterin haben.
Sie sind am Ziel ihrer TrÃ¤ume.ğŸ¥´ #URL#",Hope,Realistic Hope,train, wir werden eine grÃ¼ne bÃ¼rgermeisterin haben sie sind am ziel ihrer trÃ¤umewoozyface ,german
30,"RT #USER# Este video me da esperanza, al menos ya tengo la cara de artesanÃ­a oaxaqueÃ±a ğŸ¥² #URL#",Hope,Realistic Hope,train, este video me da esperanza al menos ya tengo la cara de artesania oaxaqueÃ±a smilingfacewithtear ,spanish
31,ÃNGELUS | A las 12:00h te invitamos a rezar el Ãngelus poniendo ante Nuestra Madre tus intenciones.  En este segundo sÃ¡bado de Cuaresma pedimos por la CongregaciÃ³n de las Hijas de JesÃºs #USER# #USER# para que Nuestra PurÃ­sima Madre del Buen Camino las proteja. #URL#,Hope,Realistic Hope,train,angelus  a las 1200h te invitamos a rezar el angelus poniendo ante nuestra madre tus intenciones en este segundo sabado de cuaresma pedimos por la congregacion de las hijas de jesus para que nuestra purisima madre del buen camino las proteja ,spanish
32,"RT #USER# #USER# Estoy deseando verla, porque no querre yo convertirme algun dia en reina de las walkirias...",Hope,Realistic Hope,train, estoy deseando verla porque no querre yo convertirme algun dia en reina de las walkirias,spanish
33,Ù…ÛŒÚº Ù†Û’ Ø§Ù¾Ù†Û’ Ù†ÙØ³ Ú©Ø§ Ø§Ú†Ú¾Û’ Ø³Û’ Ù…Ø­Ø§Ø³Ø¨Û Ú©ÛŒØ§ ÛÛ’Û” Ù…Ø¬Ú¾Û’ Ø§Ù¾Ù†Û’ Ø§Ù†Ø¯Ø± Ú©ÙˆØ¦ÛŒ Ú©Ø§Ù… Ú©ÛŒ Ø¨Ø§Øª Ù†ÛÛŒÚº Ù…Ù„ÛŒ Ø³ÙˆØ§Ø¦Û’ Ø§ÛŒÚ© Ú©Û’Û”Û”Û”Ú©Û Ù…ÛŒÚº Ø±Ø­Ù…Ù°Ù† Ú©ÛŒ Ø°Ø§Øª Ø³Û’ Ø±Ø­Ù…Øª Ú©Û’ Ø§Ù…ÛŒØ¯ Ø±Ú©Ú¾ØªØ§ ÛÙˆÚº #AllahuAkbar #USER# #USER# #USER# #USER# #USER# #USER# #URL#,Hope,Realistic Hope,train,Ù…ÛŒÚº Ù†Û’ Ø§Ù¾Ù†Û’ Ù†ÙØ³ Ú©Ø§ Ø§Ú†Ú¾Û’ Ø³Û’ Ù…Ø­Ø§Ø³Ø¨Û Ú©ÛŒØ§ ÛÛ’ Ù…Ø¬Ú¾Û’ Ø§Ù¾Ù†Û’ Ø§Ù†Ø¯Ø± Ú©ÙˆÛŒ Ú©Ø§Ù… Ú©ÛŒ Ø¨Ø§Øª Ù†ÛÛŒÚº Ù…Ù„ÛŒ Ø³ÙˆØ§Û’ Ø§ÛŒÚ© Ú©Û’Ú©Û Ù…ÛŒÚº Ø±Ø­Ù…Ù† Ú©ÛŒ Ø°Ø§Øª Ø³Û’ Ø±Ø­Ù…Øª Ú©Û’ Ø§Ù…ÛŒØ¯ Ø±Ú©Ú¾ØªØ§ ÛÙˆÚº #allahuakbar ,urdu
34,Ø®ÙˆØ§Ø¨ Ù¾ÙˆØ±Ø§ ÛÙˆ Ú¯ÛŒØ§ Ù…Ø¬Ú¾Û’ Ø§ÙˆØ± #USER# Ú©Ùˆ Ø¢Ø®Ø±Ú©Ø§Ø± Ø®Ø§Ù† ØµØ§Ø­Ø¨ Ú©Ø§ Ø¯Ø³ØªØ®Ø· Ø´Ø¯Û Ù…ÙÙ„Ø± Ø§ÙˆØ± Ú©ØªØ§Ø¨ Ù…Ù„ Ú¯Ø¦ğŸ˜â¤ï¸ğŸ”¥ Ø§Ù„Ù„Û Ù†Û’ Ú†Ø§ÛØ§ ØªÙˆ Ø¨ÛØª Ø¬Ù„Ø¯ Ø®Ø§Ù† ØµØ§Ø­Ø¨ Ø³Û’ Ù…Ù„Ø§Ù‚Ø§Øª Ø¨Ú¾ÛŒ ÛÙˆ Ø¬Ø§Ø¦Û’ Ú¯ÛŒâ¤ï¸Ø¨ÛØª Ø¨ÛØª Ø´Ú©Ø±ÛŒÛ #USER# Ø§Ø³ Ø§Ù†Ù…ÙˆÙ„ Ú¯ÙÙ¹ Ú©Û’ Ù„Ø¦Û’ #URL#,Hope,Realistic Hope,train,Ø®ÙˆØ§Ø¨ Ù¾ÙˆØ±Ø§ ÛÙˆ Ú¯ÛŒØ§ Ù…Ø¬Ú¾Û’ Ø§ÙˆØ± Ú©Ùˆ Ø®Ø±Ú©Ø§Ø± Ø®Ø§Ù† ØµØ§Ø­Ø¨ Ú©Ø§ Ø¯Ø³ØªØ®Ø· Ø´Ø¯Û Ù…ÙÙ„Ø± Ø§ÙˆØ± Ú©ØªØ§Ø¨ Ù…Ù„ Ú¯smilingfacewithhearteyesredheartfire Ø§Ù„Ù„Û Ù†Û’ Ú†Ø§ÛØ§ ØªÙˆ Ø¨ÛØª Ø¬Ù„Ø¯ Ø®Ø§Ù† ØµØ§Ø­Ø¨ Ø³Û’ Ù…Ù„Ø§Ù‚Ø§Øª Ø¨Ú¾ÛŒ ÛÙˆ Ø¬Ø§Û’ Ú¯ÛŒredheartØ¨ÛØª Ø¨ÛØª Ø´Ú©Ø±ÛŒÛ Ø§Ø³ Ø§Ù†Ù…ÙˆÙ„ Ú¯ÙÙ¹ Ú©Û’ Ù„Û’ ,urdu
35,Ø§Ù„Ù„Û Ú©Ø§ Ù„Ø§Ú©Ú¾ Ø§Ø­Ø³Ø§Ù† ÛÛ’ Ø§ÙØ³ Ù†Û’ ÛÙ…ÛŒÚº â€œÚ©Ù„ Ú©ÛŒØ§ ÛÙˆÚ¯Ø§â€ Ú©ÛŒ Ø®Ø¨Ø± Ø³Û’ Ù…Ø­Ø¶ Ø§Ø³ Ù„ÛŒØ¦Û’ Ù„Ø§Ø¹Ù„Ù… Ø±Ú©Ú¾Ø§ Ú©Û ÛÙ…Ø§Ø±ÛŒ â€œÚ©Ù„ Ø§ÛŒÚ© Ø®ÙˆØ¨ØµÙˆØ±Øª Ø¯Ù† ÛÙˆÚ¯Ø§â€ Ú©ÛŒ Ø§Ù…ÛŒØ¯ Ù‚Ø§Ø¦Ù… Ø±ÛÛ’Û”Û”Û”Û”Û”ğŸ™ğŸŒ¹â¤ï¸ğŸŒ¹ğŸ’¯ğŸ‡µğŸ‡°,Hope,Realistic Hope,train,Ø§Ù„Ù„Û Ú©Ø§ Ù„Ø§Ú©Ú¾ Ø§Ø­Ø³Ø§Ù† ÛÛ’ Ø§Ø³ Ù†Û’ ÛÙ…ÛŒÚº Ú©Ù„ Ú©ÛŒØ§ ÛÙˆÚ¯Ø§ Ú©ÛŒ Ø®Ø¨Ø± Ø³Û’ Ù…Ø­Ø¶ Ø§Ø³ Ù„ÛŒÛ’ Ù„Ø§Ø¹Ù„Ù… Ø±Ú©Ú¾Ø§ Ú©Û ÛÙ…Ø§Ø±ÛŒ Ú©Ù„ Ø§ÛŒÚ© Ø®ÙˆØ¨ØµÙˆØ±Øª Ø¯Ù† ÛÙˆÚ¯Ø§ Ú©ÛŒ Ø§Ù…ÛŒØ¯ Ù‚Ø§Ù… Ø±ÛÛ’foldedhandsroseredheartrosehundredpointsakistan,urdu
36,i wish skz had like official like continuous designs on their merch idk i feel like itâ€™s all a bit random ğŸ˜µâ€ğŸ’«,Hope,Unrealistic Hope,train,i wish skz had like official like continuous designs on their merch idk i feel like its all a bit random facewithspiraleyes,english
37,"Asian tigers were making the sinking country even earlier, still Inshallah will make 

#PMLNRebuildingPakistan
 #USER#  #USER# 
#NA133 #USER# 
@wahabshahzad3 #USER#",Hope,Unrealistic Hope,train,asian tigers were making the sinking country even earlier still inshallah will make #pmlnrebuildingpakistan #na133 wahabshahzad3 ,english
38,#USER# #USER# #USER# #USER# Yes pray it doesnâ€™t say what kind of prayer. So I the pagan can pray to my gods in class. The satanist can do their prayer and the Muslim do their prayer. Yes itâ€™s a wonderful win.,Hope,Unrealistic Hope,train, yes pray it doesnt say what kind of prayer so i the pagan can pray to my gods in class the satanist can do their prayer and the muslim do their prayer yes its a wonderful win,english
39,#USER# #USER# Kansas wird deine TrÃ¤ume zerstÃ¶ren lo,Hope,Unrealistic Hope,train, kansas wird deine trÃ¤ume zerstÃ¶ren lo,german
40,"#USER# Hat er nicht mal selbst in einem Video oder Discord-Leak gesagt, dass er absichtlich so verbal eskaliert damit die Nachbar mitbekommen wie oft und dolle er ""gestalkt"" wird, in der Hoffnung die mal rufen bei der PINEA an?",Hope,Unrealistic Hope,train, hat er nicht mal selbst in einem video oder discordleak gesagt dass er absichtlich so verbal eskaliedamit die nachbar mitbekommen wie oft und dolle er gestalkt wird in der hoffnung die mal rufen bei der pinea an?,german
41,#USER# Ich kÃ¶nnte mir eine Senseo mit Milchdingsi vorstellen? ğŸ¤”,Hope,Unrealistic Hope,train, ich kÃ¶nnte mir eine senseo mit milchdingsi vorstellen? thinkingface,german
42,"#USER# La luz se ha ido y todo estÃ¡ triste,  La soledad nos abraza sin resistencia.  Y es en estos dÃ­as grises que me pregunto,  Â¿CÃ³mo puedo volver a encontrar la alegrÃ­a?  Ahora miro hacia el cielo y rezo  Para que en este dÃ­a gris se vaya el llanto ğŸ‘‡ğŸ»ğŸ‘‡ğŸ»ğŸ‘‡ğŸ»",Hope,Unrealistic Hope,train, la luz se ha ido y todo esta triste la soledad nos abraza sin resistencia y es en estos dias grises que me pregunto como puedo volver a encontrar la alegria? ahora miro hacia el cielo y rezo para que en este dia gris se vaya el llanto backhandindexpointingdownlightskintonebackhandindexpointingdownlightskintonebackhandindexpointingdownlightskintone,spanish
43,#USER# #USER# #USER# Bien buena que estÃ¡ ojalÃ¡ la supiera hacer ğŸ˜‹,Hope,Unrealistic Hope,train, bien buena que esta ojala la supiera hacer facesavoringfood,spanish
44,acÃ¡ con 3 horas d sueÃ±o m voy a morir,Hope,Unrealistic Hope,train,aca con 3 horas d sueÃ±o m voy a morir,spanish
45,#USER# Ø¨ÛØª Ø§Ú†Ú¾Ø§ ÛŒÛ ÛÛŒ Ø®Ø¨ÛŒØ« Ø¨Ø§Ø¬ÙˆÛ Ø§ÙˆØ± Ø§Ø³ Ú©Û’ Ø¬ÛŒØ³Û’ Ø­Ø±Ø§Ù…ÛŒÙˆÚº Ø³Û’ Ø¢ÚˆØ±Ø² Ù„ÛŒØªÛ’ ÛÛŒÚº Ø§ÙˆØ± Ø§Ù¾Ù†Û’ ÛÛŒ Ø´ÛØ±ÛŒÙˆÚº Ú©Ùˆ Ú¯Ù…Ù†Ø§Ù… Ú©Ø± Ú©Û’ Ù…Ø§Ø±ØªÛ’ ÛÛŒÚºÛ” Ø§Ù„Ù„Û Ø§Ù† Ø³Ø¨ Ø®Ø¨ÛŒØ«ÙˆÚº Ú©Ùˆ Ø¬ÛÙ†Ù… Ù†ØµÛŒØ¨ Ú©Ø±Û’Û”,Hope,Unrealistic Hope,train, Ø¨ÛØª Ø§Ú†Ú¾Ø§ ÛŒÛ ÛÛŒ Ø®Ø¨ÛŒØ« Ø¨Ø§Ø¬ÙˆÛ Ø§ÙˆØ± Ø§Ø³ Ú©Û’ Ø¬ÛŒØ³Û’ Ø­Ø±Ø§Ù…ÛŒÙˆÚº Ø³Û’ ÚˆØ±Ø² Ù„ÛŒØªÛ’ ÛÛŒÚº Ø§ÙˆØ± Ø§Ù¾Ù†Û’ ÛÛŒ Ø´ÛØ±ÛŒÙˆÚº Ú©Ùˆ Ú¯Ù…Ù†Ø§Ù… Ú©Ø± Ú©Û’ Ù…Ø§Ø±ØªÛ’ ÛÛŒÚº Ø§Ù„Ù„Û Ø§Ù† Ø³Ø¨ Ø®Ø¨ÛŒØ«ÙˆÚº Ú©Ùˆ Ø¬ÛÙ†Ù… Ù†ØµÛŒØ¨ Ú©Ø±Û’,urdu
46,Ø§Ù†Ø³Ø§Ù† Ù¾Û Ø§ÛŒØ³Ø§ ÙˆÙ‚Øª Ø¨Ú¾ÛŒ Ø¢ØªØ§ ÛÛ’ Ø¬Ø¨ Ø§Ø³Ú©ÛŒ Ø³Ø¨ Ø³Û’ Ø¨Ú‘ÛŒ Ø®ÙˆØ§ÛØ´ ØµØ±Ù ÛŒÛ ÛÙˆØªÛŒ ÛÛ’ Ú©Û Ú©Ø§Ø´ Ø§Ø³Ú©ÛŒ Ù…Ø­Ø³ÙˆØ³ Ú©Ø±Ù†Û’ Ú©ÛŒ Ø­Ø³ Ù†Û ÛÙˆ..ğŸ¥€ğŸ’œ,Hope,Unrealistic Hope,train,Ø§Ù†Ø³Ø§Ù† Ù¾Û Ø§ÛŒØ³Ø§ ÙˆÙ‚Øª Ø¨Ú¾ÛŒ ØªØ§ ÛÛ’ Ø¬Ø¨ Ø§Ø³Ú©ÛŒ Ø³Ø¨ Ø³Û’ Ø¨Ú‘ÛŒ Ø®ÙˆØ§ÛØ´ ØµØ±Ù ÛŒÛ ÛÙˆØªÛŒ ÛÛ’ Ú©Û Ú©Ø§Ø´ Ø§Ø³Ú©ÛŒ Ù…Ø­Ø³ÙˆØ³ Ú©Ø±Ù†Û’ Ú©ÛŒ Ø­Ø³ Ù†Û ÛÙˆwiltedflowerpurpleheart,urdu
47,Ù¾Ú†Ú¾Ù„Û’ 6 Ø³Ø§Ù„ Ø­Ø§Ø¬ÛŒ Ú©ÛŒ Ù…Ù¹Ú¾Ø§Ø¦ÛŒ Ú©Ø§ Ø¢Ø³Ø±Ø§ØŒ Ø§Ú¯Ù„Û’ 3 Ø³Ø§Ù„ Ø­Ø§ÙØ¸ Ú©Û’ Ø­Ù„ÙˆÛ Ú©ÛŒ ØªÙ…Ù†Ø§ØŒ 73 Ø³Ø§Ù„ Ø³Û’ Ø¢Ø³Ù…Ø§Ù† Ø³Û’ Ù†Ø§Ø²Ù„ Ø´Ø¯Û Ú©Ú‘ÛŒÙ„ØŒ Ø®ÙˆØ¨Ø±ÙˆØŒ Ú¯Ø¨Ø±Ùˆ Ù„ÛŒÚˆØ±Ø² Ú©Û’ Ù„Ø§Ù„ÛŒ Ù¾Ø§Ù¾Ø³ Ø³Û’ Ø§Ù…ÛŒØ¯ÛŒÚº- Ø§Ø³ Ø¯ÙˆØ±Ø§Ù† Ù…ÛŒÚº Ø¯Ø¨Ù„Û’ Ù¾ØªÙ„Û’ØŒ Ø¨Ú¾ÙˆÚ©Û’ Ù†Ù†Ú¯Û’ Ø¨Ù†Ú¯Ø§Ù„ÛŒ Ø¬Ù† Ú©Ùˆ Ù…Ø§Ø±Ø´Ù„ Ø±ÛŒØ³ Ø¨ÙˆØ¬Ú¾ Ø³Ù…Ø¬Ú¾ØªÛŒ Ø±ÛÛŒØŒ Ú©ÛØ§Úº Ø³Û’ Ú©ÛØ§Úº Ù†Ú©Ù„ Ú¯Ø¦Û’!,Hope,Unrealistic Hope,train,Ù¾Ú†Ú¾Ù„Û’  Ø³Ø§Ù„ Ø­Ø§Ø¬ÛŒ Ú©ÛŒ Ù…Ù¹Ú¾Ø§ÛŒ Ú©Ø§ Ø³Ø±Ø§ Ø§Ú¯Ù„Û’  Ø³Ø§Ù„ Ø­Ø§ÙØ¸ Ú©Û’ Ø­Ù„ÙˆÛ Ú©ÛŒ ØªÙ…Ù†Ø§  Ø³Ø§Ù„ Ø³Û’ Ø³Ù…Ø§Ù† Ø³Û’ Ù†Ø§Ø²Ù„ Ø´Ø¯Û Ú©Ú‘ÛŒÙ„ Ø®ÙˆØ¨Ø±Ùˆ Ú¯Ø¨Ø±Ùˆ Ù„ÛŒÚˆØ±Ø² Ú©Û’ Ù„Ø§Ù„ÛŒ Ù¾Ø§Ù¾Ø³ Ø³Û’ Ø§Ù…ÛŒØ¯ÛŒÚº Ø§Ø³ Ø¯ÙˆØ±Ø§Ù† Ù…ÛŒÚº Ø¯Ø¨Ù„Û’ Ù¾ØªÙ„Û’ Ø¨Ú¾ÙˆÚ©Û’ Ù†Ù†Ú¯Û’ Ø¨Ù†Ú¯Ø§Ù„ÛŒ Ø¬Ù† Ú©Ùˆ Ù…Ø§Ø±Ø´Ù„ Ø±ÛŒØ³ Ø¨ÙˆØ¬Ú¾ Ø³Ù…Ø¬Ú¾ØªÛŒ Ø±ÛÛŒ Ú©ÛØ§Úº Ø³Û’ Ú©ÛØ§Úº Ù†Ú©Ù„ Ú¯Û’!,urdu
